external_ref,account_ref,amount,currency,value_date,settlement_date
EXT-1,ACC-485,300.01,GBP,1993-01-04,1993-01-04
EXT-2,ACC-435,400.00,GBP,1993-01-08,1993-01-08
EXT-3,ACC-192,300.00,GBP,1993-01-08,1993-01-08
EXT-4,ACC-374,400.00,GBP,1993-01-09,1993-01-09
EXT-5,ACC-485,13156.00,GBP,1993-01-16,1993-01-16
EXT-6,ACC-401,300.00,GBP,1993-01-18,1993-01-18
EXT-7,ACC-212,200.00,GBP,1993-01-20,1993-01-20
EXT-8,ACC-459,1000.00,GBP,1993-01-21,1993-01-21
EXT-9,ACC-280,300.00,GBP,1993-01-23,1993-01-23
EXT-10,ACC-477,1000.00,GBP,1993-01-25,1993-01-25
EXT-11,ACC-9,400.00,GBP,1993-01-27,1993-01-27
EXT-12,ACC-485,38.90,GBP,1993-01-31,1993-01-31
EXT-13,ACC-485,25300.00,GBP,1993-02-03,1993-02-03
EXT-14,ACC-374,23041.00,GBP,1993-02-05,1993-02-05
EXT-15,ACC-346,19935.00,GBP,1993-02-05,1993-02-05
EXT-16,ACC-401,12817.00,GBP,1993-02-06,1993-02-06
EXT-17,ACC-192,5859.00,GBP,1993-02-06,1993-02-06
EXT-18,ACC-435,5039.00,GBP,1993-02-07,1993-02-07
EXT-19,ACC-465,12785.01,GBP,1993-02-07,1993-02-07
EXT-20,ACC-485,20066.00,GBP,1993-02-08,1993-02-08
EXT-21,ACC-374,1500.00,GBP,1993-02-08,1993-02-08
EXT-22,ACC-456,47831.01,GBP,1993-02-10,1993-02-10
EXT-23,ACC-346,1200.00,GBP,1993-02-10,1993-02-10
EXT-24,ACC-163,6698.00,GBP,1993-02-13,1993-02-13
EXT-25,ACC-477,16392.01,GBP,1993-02-13,1993-02-13
EXT-26,ACC-443,3058.00,GBP,1993-02-14,1993-02-14
EXT-27,ACC-411,18497.00,GBP,1993-02-14,1993-02-14
EXT-28,ACC-142,900.00,GBP,1993-02-15,1993-02-15
EXT-29,ACC-401,6000.00,GBP,1993-02-17,1993-02-17
EXT-30,ACC-96,1100.00,GBP,1993-02-18,1993-02-18
EXT-31,ACC-461,600.00,GBP,1993-02-18,1993-02-18
EXT-32,ACC-128,300.00,GBP,1993-02-19,1993-02-19
EXT-33,ACC-456,10500.00,GBP,1993-02-20,1993-02-20
EXT-34,ACC-459,13400.00,GBP,1993-02-20,1993-02-20
EXT-35,ACC-280,6200.00,GBP,1993-02-22,1993-02-22
EXT-36,ACC-477,900.00,GBP,1993-02-24,1993-02-24
EXT-37,ACC-197,800.00,GBP,1993-02-25,1993-02-25
EXT-38,ACC-496,800.00,GBP,1993-02-26,1993-02-26
EXT-39,ACC-9,10900.00,GBP,1993-02-26,1993-02-26
EXT-40,ACC-2,1100.00,GBP,1993-02-26,1993-02-26
EXT-41,ACC-428,200.00,GBP,1993-02-27,1993-02-27
EXT-42,ACC-374,68.60,GBP,1993-02-28,1993-02-28
EXT-43,ACC-485,249.00,GBP,1993-02-28,1993-02-28
EXT-44,ACC-280,19.30,GBP,1993-02-28,1993-02-28
EXT-45,ACC-346,62.00,GBP,1993-02-28,1993-02-28
EXT-46,ACC-212,52.10,GBP,1993-02-28,1993-02-28
EXT-47,ACC-401,34.10,GBP,1993-02-28,1993-02-28
EXT-48,ACC-477,13.60,GBP,1993-02-28,1993-02-28
EXT-49,ACC-411,42.20,GBP,1993-02-28,1993-02-28
EXT-50,ACC-465,44.10,GBP,1993-02-28,1993-02-28
EXT-51,ACC-456,50.90,GBP,1993-02-28,1993-02-28
EXT-52,ACC-239,300.00,GBP,1993-03-01,1993-03-01
EXT-53,ACC-415,400.00,GBP,1993-03-03,1993-03-03
EXT-54,ACC-485,8100.00,GBP,1993-03-04,1993-03-04
EXT-55,ACC-485,18451.00,GBP,1993-03-04,1993-03-04
EXT-56,ACC-485,25300.00,GBP,1993-03-05,1993-03-05
EXT-57,ACC-374,23041.00,GBP,1993-03-05,1993-03-05
EXT-58,ACC-346,19935.00,GBP,1993-03-05,1993-03-05
EXT-59,ACC-485,1591.00,GBP,1993-03-06,1993-03-06
EXT-60,ACC-465,6800.00,GBP,1993-03-06,1993-03-06
EXT-61,ACC-461,6388.00,GBP,1993-03-06,1993-03-06
EXT-62,ACC-401,12817.00,GBP,1993-03-06,1993-03-06
EXT-63,ACC-197,21718.00,GBP,1993-03-06,1993-03-06
EXT-64,ACC-192,5859.00,GBP,1993-03-06,1993-03-06
EXT-65,ACC-361,23638.00,GBP,1993-03-06,1993-03-06
EXT-66,ACC-142,4555.00,GBP,1993-03-07,1993-03-07
EXT-67,ACC-485,3572.00,GBP,1993-03-07,1993-03-07
EXT-68,ACC-435,5039.00,GBP,1993-03-07,1993-03-07
EXT-69,ACC-465,12785.00,GBP,1993-03-07,1993-03-07
EXT-70,ACC-496,5404.00,GBP,1993-03-07,1993-03-07
EXT-71,ACC-411,2900.00,GBP,1993-03-07,1993-03-07
EXT-72,ACC-485,7421.00,GBP,1993-03-08,1993-03-08
EXT-73,ACC-396,1000.00,GBP,1993-03-08,1993-03-08
EXT-74,ACC-415,13110.00,GBP,1993-03-08,1993-03-08
EXT-75,ACC-212,49590.00,GBP,1993-03-09,1993-03-09
EXT-76,ACC-456,47831.00,GBP,1993-03-10,1993-03-10
EXT-77,ACC-374,11900.00,GBP,1993-03-10,1993-03-10
EXT-78,ACC-317,800.00,GBP,1993-03-10,1993-03-10
EXT-79,ACC-317,5922.00,GBP,1993-03-10,1993-03-10
EXT-80,ACC-86,3243.00,GBP,1993-03-11,1993-03-11
EXT-81,ACC-96,44221.00,GBP,1993-03-11,1993-03-11
EXT-82,ACC-494,400.00,GBP,1993-03-11,1993-03-11
EXT-83,ACC-112,200.00,GBP,1993-03-12,1993-03-12
EXT-84,ACC-428,6614.00,GBP,1993-03-12,1993-03-12
EXT-85,ACC-395,400.00,GBP,1993-03-12,1993-03-12
EXT-86,ACC-2,20236.00,GBP,1993-03-12,1993-03-12
EXT-87,ACC-346,7900.00,GBP,1993-03-12,1993-03-12
EXT-88,ACC-280,12043.00,GBP,1993-03-12,1993-03-12
EXT-89,ACC-163,6698.00,GBP,1993-03-13,1993-03-13
EXT-90,ACC-112,6582.00,GBP,1993-03-13,1993-03-13
EXT-91,ACC-123,199.99,GBP,1993-03-13,1993-03-13
EXT-92,ACC-477,16392.00,GBP,1993-03-13,1993-03-13
EXT-93,ACC-322,16646.00,GBP,1993-03-13,1993-03-13
EXT-94,ACC-411,18497.00,GBP,1993-03-14,1993-03-14
EXT-95,ACC-485,5697.00,GBP,1993-03-15,1993-03-15
EXT-96,ACC-222,500.00,GBP,1993-03-15,1993-03-15
EXT-97,ACC-128,600.00,GBP,1993-03-18,1993-03-18
EXT-98,ACC-115,800.00,GBP,1993-03-19,1993-03-19
EXT-99,ACC-425,400.00,GBP,1993-03-19,1993-03-19
EXT-100,ACC-401,5800.00,GBP,1993-03-19,1993-03-19
EXT-101,ACC-96,11500.00,GBP,1993-03-20,1993-03-20
EXT-102,ACC-128,9100.00,GBP,1993-03-21,1993-03-21
EXT-103,ACC-212,29700.00,GBP,1993-03-21,1993-03-21
EXT-104,ACC-459,3100.00,GBP,1993-03-22,1993-03-22
EXT-105,ACC-456,29400.00,GBP,1993-03-22,1993-03-22
EXT-106,ACC-322,3600.00,GBP,1993-03-22,1993-03-22
EXT-107,ACC-485,49112.00,GBP,1993-03-26,1993-03-26
EXT-108,ACC-477,4400.00,GBP,1993-03-26,1993-03-26
EXT-109,ACC-485,5165.99,GBP,1993-03-26,1993-03-26
EXT-110,ACC-197,700.00,GBP,1993-03-27,1993-03-27
EXT-111,ACC-423,500.00,GBP,1993-03-28,1993-03-28
EXT-112,ACC-496,9200.00,GBP,1993-03-28,1993-03-28
EXT-113,ACC-187,200.00,GBP,1993-03-28,1993-03-28
EXT-114,ACC-62,1100.00,GBP,1993-03-28,1993-03-28
EXT-115,ACC-9,5800.00,GBP,1993-03-28,1993-03-28
EXT-116,ACC-2,3700.00,GBP,1993-03-28,1993-03-28
EXT-117,ACC-361,1600.00,GBP,1993-03-29,1993-03-29
EXT-118,ACC-485,100.00,GBP,1993-03-31,1993-03-31
EXT-119,ACC-485,19168.00,GBP,1993-03-31,1993-03-31
EXT-120,ACC-9,54.00,GBP,1993-03-31,1993-03-31
EXT-121,ACC-128,18.50,GBP,1993-03-31,1993-03-31
EXT-122,ACC-374,124.60,GBP,1993-03-31,1993-03-31
EXT-123,ACC-496,8.30,GBP,1993-03-31,1993-03-31
EXT-124,ACC-485,233.10,GBP,1993-03-31,1993-03-31
EXT-125,ACC-239,14500.00,GBP,1993-03-31,1993-03-31
EXT-126,ACC-361,10.40,GBP,1993-03-31,1993-03-31
EXT-127,ACC-317,2.40,GBP,1993-03-31,1993-03-31
EXT-128,ACC-280,84.70,GBP,1993-03-31,1993-03-31
EXT-129,ACC-346,123.90,GBP,1993-03-31,1993-03-31
EXT-130,ACC-212,175.30,GBP,1993-03-31,1993-03-31
EXT-131,ACC-239,2.00,GBP,1993-03-31,1993-03-31
EXT-132,ACC-197,15.60,GBP,1993-03-31,1993-03-31
EXT-133,ACC-477,85.90,GBP,1993-03-31,1993-03-31
EXT-134,ACC-401,92.00,GBP,1993-03-31,1993-03-31
EXT-135,ACC-411,130.60,GBP,1993-03-31,1993-03-31
EXT-136,ACC-465,122.10,GBP,1993-03-31,1993-03-31
EXT-137,ACC-415,43.60,GBP,1993-03-31,1993-03-31
EXT-138,ACC-112,17.30,GBP,1993-03-31,1993-03-31
EXT-139,ACC-86,11.40,GBP,1993-03-31,1993-03-31
EXT-140,ACC-96,54.60,GBP,1993-03-31,1993-03-31
EXT-141,ACC-2,13.48,GBP,1993-03-31,1993-03-31
EXT-142,ACC-415,4800.00,GBP,1993-04-02,1993-04-02
EXT-143,ACC-362,900.00,GBP,1993-04-04,1993-04-04
EXT-144,ACC-123,4843.00,GBP,1993-04-05,1993-04-05
EXT-145,ACC-465,6100.00,GBP,1993-04-05,1993-04-05
EXT-146,ACC-494,12880.00,GBP,1993-04-05,1993-04-05
EXT-147,ACC-396,23268.00,GBP,1993-04-05,1993-04-05
EXT-148,ACC-374,23041.00,GBP,1993-04-05,1993-04-05
EXT-149,ACC-62,5079.00,GBP,1993-04-05,1993-04-05
EXT-150,ACC-346,19935.00,GBP,1993-04-05,1993-04-05
EXT-151,ACC-485,1591.00,GBP,1993-04-06,1993-04-06
EXT-152,ACC-461,6388.00,GBP,1993-04-06,1993-04-06
EXT-153,ACC-423,2913.00,GBP,1993-04-06,1993-04-06
EXT-154,ACC-395,22054.00,GBP,1993-04-06,1993-04-06
EXT-155,ACC-411,6400.00,GBP,1993-04-06,1993-04-06
EXT-156,ACC-401,12817.00,GBP,1993-04-06,1993-04-06
EXT-157,ACC-192,5859.00,GBP,1993-04-06,1993-04-06
EXT-158,ACC-361,23638.00,GBP,1993-04-06,1993-04-06
EXT-159,ACC-115,7665.00,GBP,1993-04-07,1993-04-07
EXT-160,ACC-142,4555.00,GBP,1993-04-07,1993-04-07
EXT-161,ACC-485,3572.00,GBP,1993-04-07,1993-04-07
EXT-162,ACC-435,5039.00,GBP,1993-04-07,1993-04-07
EXT-163,ACC-465,12785.00,GBP,1993-04-07,1993-04-07
EXT-164,ACC-496,5404.00,GBP,1993-04-07,1993-04-07
EXT-165,ACC-396,1100.00,GBP,1993-04-07,1993-04-07
EXT-166,ACC-385,1000.00,GBP,1993-04-07,1993-04-07
EXT-167,ACC-485,7421.00,GBP,1993-04-08,1993-04-08
EXT-168,ACC-415,13110.00,GBP,1993-04-08,1993-04-08
EXT-169,ACC-374,13600.00,GBP,1993-04-09,1993-04-09
EXT-170,ACC-212,49590.00,GBP,1993-04-09,1993-04-09
EXT-171,ACC-456,47831.00,GBP,1993-04-10,1993-04-10
EXT-172,ACC-494,6600.00,GBP,1993-04-10,1993-04-10
EXT-173,ACC-222,34409.00,GBP,1993-04-10,1993-04-10
EXT-174,ACC-86,3243.00,GBP,1993-04-11,1993-04-11
EXT-175,ACC-96,44221.00,GBP,1993-04-11,1993-04-11
EXT-176,ACC-395,1600.00,GBP,1993-04-11,1993-04-11
EXT-177,ACC-385,3469.00,GBP,1993-04-11,1993-04-11
EXT-178,ACC-346,15200.00,GBP,1993-04-11,1993-04-11
EXT-179,ACC-428,6614.00,GBP,1993-04-12,1993-04-12
EXT-180,ACC-2,20236.00,GBP,1993-04-12,1993-04-12
EXT-181,ACC-163,6698.00,GBP,1993-04-13,1993-04-13
EXT-182,ACC-112,6582.00,GBP,1993-04-13,1993-04-13
EXT-183,ACC-477,16392.00,GBP,1993-04-13,1993-04-13
EXT-184,ACC-322,16646.00,GBP,1993-04-13,1993-04-13
EXT-185,ACC-128,1799.99,GBP,1993-04-14,1993-04-14
EXT-186,ACC-443,3058.00,GBP,1993-04-14,1993-04-14
EXT-187,ACC-411,18497.00,GBP,1993-04-14,1993-04-14
EXT-188,ACC-187,4197.00,GBP,1993-04-14,1993-04-14
EXT-189,ACC-222,4500.00,GBP,1993-04-14,1993-04-14
EXT-190,ACC-362,9542.00,GBP,1993-04-14,1993-04-14
EXT-191,ACC-279,400.00,GBP,1993-04-14,1993-04-14
EXT-192,ACC-497,1000.00,GBP,1993-04-15,1993-04-15
EXT-193,ACC-83,500.00,GBP,1993-04-16,1993-04-16
EXT-194,ACC-485,14491.00,GBP,1993-04-17,1993-04-17
EXT-195,ACC-115,7300.00,GBP,1993-04-18,1993-04-18
EXT-196,ACC-128,599.98,GBP,1993-04-18,1993-04-18
EXT-197,ACC-425,9600.00,GBP,1993-04-18,1993-04-18
EXT-198,ACC-401,5400.00,GBP,1993-04-18,1993-04-18
EXT-199,ACC-96,24699.99,GBP,1993-04-19,1993-04-19
EXT-200,ACC-128,2800.00,GBP,1993-04-20,1993-04-20
EXT-201,ACC-188,700.00,GBP,1993-04-20,1993-04-20
EXT-202,ACC-212,40100.00,GBP,1993-04-20,1993-04-20
EXT-203,ACC-456,39800.00,GBP,1993-04-21,1993-04-21
EXT-204,ACC-459,6500.00,GBP,1993-04-21,1993-04-21
EXT-205,ACC-504,1100.00,GBP,1993-04-21,1993-04-21
EXT-206,ACC-280,4800.00,GBP,1993-04-23,1993-04-23
EXT-207,ACC-477,12300.00,GBP,1993-04-25,1993-04-25
EXT-208,ACC-239,27035.00,GBP,1993-04-26,1993-04-26
EXT-209,ACC-9,14245.00,GBP,1993-04-26,1993-04-26
EXT-210,ACC-163,500.00,GBP,1993-04-27,1993-04-27
EXT-211,ACC-168,500.00,GBP,1993-04-27,1993-04-27
EXT-212,ACC-496,400.00,GBP,1993-04-27,1993-04-27
EXT-213,ACC-2,11000.00,GBP,1993-04-27,1993-04-27
EXT-214,ACC-9,6800.00,GBP,1993-04-27,1993-04-27
EXT-215,ACC-361,13900.00,GBP,1993-04-28,1993-04-28
EXT-216,ACC-485,99.99,GBP,1993-04-30,1993-04-30
EXT-217,ACC-128,57.80,GBP,1993-04-30,1993-04-30
EXT-218,ACC-374,167.40,GBP,1993-04-30,1993-04-30
EXT-219,ACC-9,84.60,GBP,1993-04-30,1993-04-30
EXT-220,ACC-496,67.40,GBP,1993-04-30,1993-04-30
EXT-221,ACC-485,147.41,GBP,1993-04-30,1993-04-30
EXT-222,ACC-494,58.00,GBP,1993-04-30,1993-04-30
EXT-223,ACC-239,7900.00,GBP,1993-04-30,1993-04-30
EXT-224,ACC-362,24.70,GBP,1993-04-30,1993-04-30
EXT-225,ACC-317,3.30,GBP,1993-04-30,1993-04-30
EXT-226,ACC-361,111.70,GBP,1993-04-30,1993-04-30
EXT-227,ACC-346,155.30,GBP,1993-04-30,1993-04-30
EXT-228,ACC-280,114.40,GBP,1993-04-30,1993-04-30
EXT-229,ACC-222,71.80,GBP,1993-04-30,1993-04-30
EXT-230,ACC-212,243.60,GBP,1993-04-30,1993-04-30
EXT-231,ACC-239,64.30,GBP,1993-04-30,1993-04-30
EXT-232,ACC-197,104.10,GBP,1993-04-30,1993-04-30
EXT-233,ACC-163,11.40,GBP,1993-04-30,1993-04-30
EXT-234,ACC-465,160.70,GBP,1993-04-30,1993-04-30
EXT-235,ACC-477,129.70,GBP,1993-04-30,1993-04-30
EXT-236,ACC-385,12.40,GBP,1993-04-30,1993-04-30
EXT-237,ACC-411,196.90,GBP,1993-04-30,1993-04-30
EXT-238,ACC-415,113.60,GBP,1993-04-30,1993-04-30
EXT-239,ACC-401,122.60,GBP,1993-04-30,1993-04-30
EXT-240,ACC-396,84.60,GBP,1993-04-30,1993-04-30
EXT-241,ACC-425,28.70,GBP,1993-04-30,1993-04-30
EXT-242,ACC-456,246.90,GBP,1993-04-30,1993-04-30
EXT-243,ACC-96,173.50,GBP,1993-04-30,1993-04-30
EXT-244,ACC-86,16.80,GBP,1993-04-30,1993-04-30
EXT-245,ACC-115,28.50,GBP,1993-04-30,1993-04-30
EXT-246,ACC-112,28.30,GBP,1993-04-30,1993-04-30
EXT-247,ACC-415,1900.00,GBP,1993-05-02,1993-05-02
EXT-248,ACC-485,500.00,GBP,1993-05-04,1993-05-04
EXT-249,ACC-362,6300.00,GBP,1993-05-04,1993-05-04
EXT-250,ACC-168,3020.00,GBP,1993-05-05,1993-05-05
EXT-251,ACC-123,4843.00,GBP,1993-05-05,1993-05-05
EXT-252,ACC-465,7900.00,GBP,1993-05-05,1993-05-05
EXT-253,ACC-396,23268.00,GBP,1993-05-05,1993-05-05
EXT-254,ACC-374,23041.00,GBP,1993-05-05,1993-05-05
EXT-255,ACC-346,19935.00,GBP,1993-05-05,1993-05-05
EXT-256,ACC-83,9226.00,GBP,1993-05-06,1993-05-06
EXT-257,ACC-485,1591.00,GBP,1993-05-06,1993-05-06
EXT-258,ACC-485,29500.00,GBP,1993-05-06,1993-05-06
EXT-259,ACC-461,6388.00,GBP,1993-05-06,1993-05-06
EXT-260,ACC-423,2913.00,GBP,1993-05-06,1993-05-06
EXT-261,ACC-395,22054.00,GBP,1993-05-06,1993-05-06
EXT-262,ACC-401,12817.00,GBP,1993-05-06,1993-05-06
EXT-263,ACC-411,16800.00,GBP,1993-05-06,1993-05-06
EXT-264,ACC-197,21718.00,GBP,1993-05-06,1993-05-06
EXT-265,ACC-192,5859.00,GBP,1993-05-06,1993-05-06
EXT-266,ACC-361,23638.00,GBP,1993-05-06,1993-05-06
EXT-267,ACC-115,7665.00,GBP,1993-05-07,1993-05-07
EXT-268,ACC-142,4555.00,GBP,1993-05-07,1993-05-07
EXT-269,ACC-485,3572.00,GBP,1993-05-07,1993-05-07
EXT-270,ACC-435,5039.00,GBP,1993-05-07,1993-05-07
EXT-271,ACC-465,12785.00,GBP,1993-05-07,1993-05-07
EXT-272,ACC-496,5404.00,GBP,1993-05-07,1993-05-07
EXT-273,ACC-396,10700.00,GBP,1993-05-07,1993-05-07
EXT-274,ACC-239,18099.00,GBP,1993-05-07,1993-05-07
EXT-275,ACC-239,20699.00,GBP,1993-05-07,1993-05-07
EXT-276,ACC-279,3007.00,GBP,1993-05-07,1993-05-07
EXT-277,ACC-485,7421.00,GBP,1993-05-08,1993-05-08
EXT-278,ACC-415,13110.00,GBP,1993-05-08,1993-05-08
EXT-279,ACC-504,3463.00,GBP,1993-05-09,1993-05-09
EXT-280,ACC-374,22399.99,GBP,1993-05-09,1993-05-09
EXT-281,ACC-212,58900.00,GBP,1993-05-09,1993-05-09
EXT-282,ACC-212,49590.00,GBP,1993-05-09,1993-05-09
EXT-283,ACC-456,50600.00,GBP,1993-05-10,1993-05-10
EXT-284,ACC-456,47831.00,GBP,1993-05-10,1993-05-10
EXT-285,ACC-494,2099.98,GBP,1993-05-10,1993-05-10
EXT-286,ACC-222,34409.00,GBP,1993-05-10,1993-05-10
EXT-287,ACC-44,400.00,GBP,1993-05-10,1993-05-10
EXT-288,ACC-86,3243.00,GBP,1993-05-11,1993-05-11
EXT-289,ACC-96,44221.00,GBP,1993-05-11,1993-05-11
EXT-290,ACC-395,9700.00,GBP,1993-05-11,1993-05-11
EXT-291,ACC-385,3469.00,GBP,1993-05-11,1993-05-11
EXT-292,ACC-346,18600.00,GBP,1993-05-11,1993-05-11
EXT-293,ACC-425,5893.00,GBP,1993-05-12,1993-05-12
EXT-294,ACC-428,6614.00,GBP,1993-05-12,1993-05-12
EXT-295,ACC-2,20236.00,GBP,1993-05-12,1993-05-12
EXT-296,ACC-112,6582.00,GBP,1993-05-13,1993-05-13
EXT-297,ACC-477,16392.00,GBP,1993-05-13,1993-05-13
EXT-298,ACC-497,21553.00,GBP,1993-05-13,1993-05-13
EXT-299,ACC-188,19413.00,GBP,1993-05-13,1993-05-13
EXT-300,ACC-322,16646.00,GBP,1993-05-13,1993-05-13
EXT-301,ACC-443,3058.00,GBP,1993-05-14,1993-05-14
EXT-302,ACC-411,18497.00,GBP,1993-05-14,1993-05-14
EXT-303,ACC-187,4197.00,GBP,1993-05-14,1993-05-14
EXT-304,ACC-222,21400.00,GBP,1993-05-14,1993-05-14
EXT-305,ACC-9,800.00,GBP,1993-05-14,1993-05-14
EXT-306,ACC-362,9542.00,GBP,1993-05-14,1993-05-14
EXT-307,ACC-128,1800.00,GBP,1993-05-15,1993-05-15
EXT-308,ACC-497,399.99,GBP,1993-05-15,1993-05-15
EXT-309,ACC-83,6799.99,GBP,1993-05-16,1993-05-16
EXT-310,ACC-485,4661.00,GBP,1993-05-16,1993-05-16
EXT-311,ACC-485,45529.00,GBP,1993-05-17,1993-05-17
EXT-312,ACC-485,20707.00,GBP,1993-05-17,1993-05-17
EXT-313,ACC-489,900.00,GBP,1993-05-17,1993-05-17
EXT-314,ACC-115,1800.00,GBP,1993-05-18,1993-05-18
EXT-315,ACC-128,600.00,GBP,1993-05-18,1993-05-18
EXT-316,ACC-425,2200.00,GBP,1993-05-18,1993-05-18
EXT-317,ACC-401,10000.00,GBP,1993-05-18,1993-05-18
EXT-318,ACC-96,35100.00,GBP,1993-05-19,1993-05-19
EXT-319,ACC-485,58900.00,GBP,1993-05-19,1993-05-19
EXT-320,ACC-485,10178.00,GBP,1993-05-19,1993-05-19
EXT-321,ACC-128,300.00,GBP,1993-05-20,1993-05-20
EXT-322,ACC-188,2300.01,GBP,1993-05-20,1993-05-20
EXT-323,ACC-212,13800.00,GBP,1993-05-20,1993-05-20
EXT-324,ACC-459,1100.00,GBP,1993-05-21,1993-05-21
EXT-325,ACC-456,17100.00,GBP,1993-05-21,1993-05-21
EXT-326,ACC-322,14200.00,GBP,1993-05-21,1993-05-21
EXT-327,ACC-485,1800.00,GBP,1993-05-22,1993-05-22
EXT-328,ACC-23,800.00,GBP,1993-05-22,1993-05-22
EXT-329,ACC-485,9007.00,GBP,1993-05-23,1993-05-23
EXT-330,ACC-280,12300.00,GBP,1993-05-23,1993-05-23
EXT-331,ACC-334,500.00,GBP,1993-05-24,1993-05-24
EXT-332,ACC-119,800.00,GBP,1993-05-25,1993-05-25
EXT-333,ACC-477,12800.00,GBP,1993-05-25,1993-05-25
EXT-334,ACC-197,13100.00,GBP,1993-05-26,1993-05-26
EXT-335,ACC-18,1100.00,GBP,1993-05-26,1993-05-26
EXT-336,ACC-163,100.00,GBP,1993-05-27,1993-05-27
EXT-337,ACC-496,200.00,GBP,1993-05-27,1993-05-27
EXT-338,ACC-9,4400.00,GBP,1993-05-27,1993-05-27
EXT-339,ACC-2,17600.00,GBP,1993-05-27,1993-05-27
EXT-340,ACC-128,750.00,GBP,1993-05-28,1993-05-28
EXT-341,ACC-428,200.00,GBP,1993-05-28,1993-05-28
EXT-342,ACC-494,49088.00,GBP,1993-05-28,1993-05-28
EXT-343,ACC-361,16100.00,GBP,1993-05-28,1993-05-28
EXT-344,ACC-239,22000.00,GBP,1993-05-30,1993-05-30
EXT-345,ACC-128,14.60,GBP,1993-05-31,1993-05-31
EXT-346,ACC-485,100.00,GBP,1993-05-31,1993-05-31
EXT-347,ACC-128,74.70,GBP,1993-05-31,1993-05-31
EXT-348,ACC-9,110.20,GBP,1993-05-31,1993-05-31
EXT-349,ACC-496,92.20,GBP,1993-05-31,1993-05-31
EXT-350,ACC-485,177.80,GBP,1993-05-31,1993-05-31
EXT-351,ACC-497,52.40,GBP,1993-05-31,1993-05-31
EXT-352,ACC-494,110.39,GBP,1993-05-31,1993-05-31
EXT-353,ACC-317,3.30,GBP,1993-05-31,1993-05-31
EXT-354,ACC-361,152.42,GBP,1993-05-31,1993-05-31
EXT-355,ACC-322,137.20,GBP,1993-05-31,1993-05-31
EXT-356,ACC-362,81.90,GBP,1993-05-31,1993-05-31
EXT-357,ACC-280,136.60,GBP,1993-05-31,1993-05-31
EXT-358,ACC-346,166.20,GBP,1993-05-31,1993-05-31
EXT-359,ACC-9,14.60,GBP,1993-05-31,1993-05-31
EXT-360,ACC-212,306.00,GBP,1993-05-31,1993-05-31
EXT-361,ACC-163,89.80,GBP,1993-05-31,1993-05-31
EXT-362,ACC-197,148.10,GBP,1993-05-31,1993-05-31
EXT-363,ACC-188,36.20,GBP,1993-05-31,1993-05-31
EXT-364,ACC-222,158.40,GBP,1993-05-31,1993-05-31
EXT-365,ACC-239,266.10,GBP,1993-05-31,1993-05-31
EXT-366,ACC-456,237.00,GBP,1993-05-31,1993-05-31
EXT-367,ACC-385,18.60,GBP,1993-05-31,1993-05-31
EXT-368,ACC-411,223.60,GBP,1993-05-31,1993-05-31
EXT-369,ACC-395,121.90,GBP,1993-05-31,1993-05-31
EXT-370,ACC-425,81.50,GBP,1993-05-31,1993-05-31
EXT-371,ACC-428,10.70,GBP,1993-05-31,1993-05-31
EXT-372,ACC-401,145.90,GBP,1993-05-31,1993-05-31
EXT-373,ACC-477,147.10,GBP,1993-05-31,1993-05-31
EXT-374,ACC-415,167.60,GBP,1993-05-31,1993-05-31
EXT-375,ACC-115,83.60,GBP,1993-05-31,1993-05-31
EXT-376,ACC-86,16.80,GBP,1993-05-31,1993-05-31
EXT-377,ACC-96,238.70,GBP,1993-05-31,1993-05-31
EXT-378,ACC-112,28.30,GBP,1993-05-31,1993-05-31
EXT-379,ACC-83,35.50,GBP,1993-05-31,1993-05-31
EXT-380,ACC-2,144.70,GBP,1993-05-31,1993-05-31
EXT-381,ACC-165,1000.00,GBP,1993-06-01,1993-06-01
EXT-382,ACC-415,7100.00,GBP,1993-06-01,1993-06-01
EXT-383,ACC-510,1100.00,GBP,1993-06-02,1993-06-02
EXT-384,ACC-327,700.00,GBP,1993-06-02,1993-06-02
EXT-385,ACC-485,10300.00,GBP,1993-06-03,1993-06-03
EXT-386,ACC-362,3400.00,GBP,1993-06-03,1993-06-03
EXT-387,ACC-465,11700.00,GBP,1993-06-04,1993-06-04
EXT-388,ACC-168,3020.00,GBP,1993-06-05,1993-06-05
EXT-389,ACC-123,4843.00,GBP,1993-06-05,1993-06-05
EXT-390,ACC-396,34902.00,GBP,1993-06-05,1993-06-05
EXT-391,ACC-411,14900.00,GBP,1993-06-05,1993-06-05
EXT-392,ACC-374,34562.01,GBP,1993-06-05,1993-06-05
EXT-393,ACC-44,4200.00,GBP,1993-06-05,1993-06-05
EXT-394,ACC-346,29902.50,GBP,1993-06-05,1993-06-05
EXT-395,ACC-83,13839.00,GBP,1993-06-06,1993-06-06
EXT-396,ACC-485,1591.00,GBP,1993-06-06,1993-06-06
EXT-397,ACC-423,2913.00,GBP,1993-06-06,1993-06-06
EXT-398,ACC-395,33081.00,GBP,1993-06-06,1993-06-06
EXT-399,ACC-396,21700.00,GBP,1993-06-06,1993-06-06
EXT-400,ACC-401,19225.50,GBP,1993-06-06,1993-06-06
EXT-401,ACC-192,5859.00,GBP,1993-06-06,1993-06-06
EXT-402,ACC-192,8300.00,GBP,1993-06-06,1993-06-06
EXT-403,ACC-197,32577.00,GBP,1993-06-06,1993-06-06
EXT-404,ACC-361,35457.00,GBP,1993-06-06,1993-06-06
EXT-405,ACC-115,11498.00,GBP,1993-06-07,1993-06-07
EXT-406,ACC-142,4555.00,GBP,1993-06-07,1993-06-07
EXT-407,ACC-485,3572.02,GBP,1993-06-07,1993-06-07
EXT-408,ACC-465,19178.00,GBP,1993-06-07,1993-06-07
EXT-409,ACC-496,8106.00,GBP,1993-06-07,1993-06-07
EXT-410,ACC-279,3007.00,GBP,1993-06-07,1993-06-07
EXT-411,ACC-485,7421.00,GBP,1993-06-08,1993-06-08
EXT-412,ACC-489,24537.00,GBP,1993-06-08,1993-06-08
EXT-413,ACC-415,19665.00,GBP,1993-06-08,1993-06-08
EXT-414,ACC-192,3583.00,GBP,1993-06-08,1993-06-08
EXT-415,ACC-374,24700.00,GBP,1993-06-08,1993-06-08
EXT-416,ACC-504,3463.00,GBP,1993-06-09,1993-06-09
EXT-417,ACC-494,24100.00,GBP,1993-06-09,1993-06-09
EXT-418,ACC-401,3600.00,GBP,1993-06-09,1993-06-09
EXT-419,ACC-374,24900.00,GBP,1993-06-09,1993-06-09
EXT-420,ACC-212,74385.00,GBP,1993-06-09,1993-06-09
EXT-421,ACC-212,24700.00,GBP,1993-06-09,1993-06-09
EXT-422,ACC-23,33132.00,GBP,1993-06-09,1993-06-09
EXT-423,ACC-334,27558.00,GBP,1993-06-09,1993-06-09
EXT-424,ACC-456,51700.00,GBP,1993-06-10,1993-06-10
EXT-425,ACC-456,71746.00,GBP,1993-06-10,1993-06-10
EXT-426,ACC-395,22000.00,GBP,1993-06-10,1993-06-10
EXT-427,ACC-222,51614.00,GBP,1993-06-10,1993-06-10
EXT-428,ACC-327,23562.00,GBP,1993-06-10,1993-06-10
EXT-429,ACC-346,22800.00,GBP,1993-06-10,1993-06-10
EXT-430,ACC-317,5922.00,GBP,1993-06-10,1993-06-10
EXT-431,ACC-165,6864.00,GBP,1993-06-11,1993-06-11
EXT-432,ACC-96,62900.00,GBP,1993-06-11,1993-06-11
EXT-433,ACC-374,8278.00,GBP,1993-06-11,1993-06-11
EXT-434,ACC-385,3469.00,GBP,1993-06-11,1993-06-11
EXT-435,ACC-346,7875.00,GBP,1993-06-11,1993-06-11
EXT-436,ACC-433,500.00,GBP,1993-06-12,1993-06-12
EXT-437,ACC-425,8839.50,GBP,1993-06-12,1993-06-12
EXT-438,ACC-2,30354.00,GBP,1993-06-12,1993-06-12
EXT-439,ACC-280,18064.50,GBP,1993-06-12,1993-06-12
EXT-440,ACC-163,3116.00,GBP,1993-06-13,1993-06-13
EXT-441,ACC-163,6698.00,GBP,1993-06-13,1993-06-13
EXT-442,ACC-119,32288.00,GBP,1993-06-13,1993-06-13
EXT-443,ACC-477,24588.00,GBP,1993-06-13,1993-06-13
EXT-444,ACC-497,32329.50,GBP,1993-06-13,1993-06-13
EXT-445,ACC-494,35623.00,GBP,1993-06-13,1993-06-13
EXT-446,ACC-188,29120.00,GBP,1993-06-13,1993-06-13
EXT-447,ACC-222,36700.00,GBP,1993-06-13,1993-06-13
EXT-448,ACC-322,24969.00,GBP,1993-06-13,1993-06-13
EXT-449,ACC-280,3334.00,GBP,1993-06-13,1993-06-13
EXT-450,ACC-163,612.00,GBP,1993-06-14,1993-06-14
EXT-451,ACC-477,254.00,GBP,1993-06-14,1993-06-14
EXT-452,ACC-477,2660.00,GBP,1993-06-14,1993-06-14
EXT-453,ACC-443,3058.00,GBP,1993-06-14,1993-06-14
EXT-454,ACC-465,11126.00,GBP,1993-06-14,1993-06-14
EXT-455,ACC-497,14400.00,GBP,1993-06-14,1993-06-14
EXT-456,ACC-411,27745.50,GBP,1993-06-14,1993-06-14
EXT-457,ACC-411,12640.00,GBP,1993-06-14,1993-06-14
EXT-458,ACC-212,25200.00,GBP,1993-06-14,1993-06-14
EXT-459,ACC-362,14313.00,GBP,1993-06-14,1993-06-14
EXT-460,ACC-83,2300.00,GBP,1993-06-15,1993-06-15
EXT-461,ACC-135,700.00,GBP,1993-06-15,1993-06-15
EXT-462,ACC-485,7987.00,GBP,1993-06-15,1993-06-15
EXT-463,ACC-446,1100.00,GBP,1993-06-15,1993-06-15
EXT-464,ACC-9,800.00,GBP,1993-06-15,1993-06-15
EXT-465,ACC-465,6900.00,GBP,1993-06-16,1993-06-16
EXT-466,ACC-432,500.00,GBP,1993-06-16,1993-06-16
EXT-467,ACC-489,1100.00,GBP,1993-06-16,1993-06-16
EXT-468,ACC-115,7100.00,GBP,1993-06-17,1993-06-17
EXT-469,ACC-128,1800.00,GBP,1993-06-17,1993-06-17
EXT-470,ACC-435,12150.00,GBP,1993-06-17,1993-06-17
EXT-471,ACC-425,5600.00,GBP,1993-06-17,1993-06-17
EXT-472,ACC-401,14100.00,GBP,1993-06-17,1993-06-17
EXT-473,ACC-9,8900.00,GBP,1993-06-17,1993-06-17
EXT-474,ACC-96,19200.00,GBP,1993-06-18,1993-06-18
EXT-475,ACC-128,600.00,GBP,1993-06-18,1993-06-18
EXT-476,ACC-461,1700.00,GBP,1993-06-18,1993-06-18
EXT-477,ACC-280,17440.00,GBP,1993-06-18,1993-06-18
EXT-478,ACC-128,2800.00,GBP,1993-06-19,1993-06-19
EXT-479,ACC-188,13000.00,GBP,1993-06-19,1993-06-19
EXT-480,ACC-212,20400.00,GBP,1993-06-19,1993-06-19
EXT-481,ACC-485,28835.00,GBP,1993-06-20,1993-06-20
EXT-482,ACC-459,300.00,GBP,1993-06-20,1993-06-20
EXT-483,ACC-456,22400.00,GBP,1993-06-20,1993-06-20
EXT-484,ACC-322,19600.00,GBP,1993-06-20,1993-06-20
EXT-485,ACC-148,500.00,GBP,1993-06-21,1993-06-21
EXT-486,ACC-23,5300.00,GBP,1993-06-21,1993-06-21
EXT-487,ACC-485,14400.00,GBP,1993-06-22,1993-06-22
EXT-488,ACC-280,4600.00,GBP,1993-06-22,1993-06-22
EXT-489,ACC-163,3350.00,GBP,1993-06-23,1993-06-23
EXT-490,ACC-334,2600.00,GBP,1993-06-23,1993-06-23
EXT-491,ACC-300,400.00,GBP,1993-06-23,1993-06-23
EXT-492,ACC-119,3400.00,GBP,1993-06-24,1993-06-24
EXT-493,ACC-477,18600.00,GBP,1993-06-24,1993-06-24
EXT-494,ACC-197,24200.00,GBP,1993-06-25,1993-06-25
EXT-495,ACC-18,13500.00,GBP,1993-06-25,1993-06-25
EXT-496,ACC-346,21440.00,GBP,1993-06-25,1993-06-25
EXT-497,ACC-485,5100.00,GBP,1993-06-26,1993-06-26
EXT-498,ACC-456,3000.00,GBP,1993-06-26,1993-06-26
EXT-499,ACC-496,7300.00,GBP,1993-06-26,1993-06-26
EXT-500,ACC-9,5600.00,GBP,1993-06-26,1993-06-26
EXT-501,ACC-2,22400.00,GBP,1993-06-26,1993-06-26
EXT-502,ACC-485,27061.00,GBP,1993-06-27,1993-06-27
EXT-503,ACC-510,30146.00,GBP,1993-06-27,1993-06-27
EXT-504,ACC-361,25800.00,GBP,1993-06-27,1993-06-27
EXT-505,ACC-477,4000.00,GBP,1993-06-28,1993-06-28
EXT-506,ACC-477,14400.00,GBP,1993-06-28,1993-06-28
EXT-507,ACC-239,13200.00,GBP,1993-06-29,1993-06-29
EXT-508,ACC-128,950.00,GBP,1993-06-30,1993-06-30
EXT-509,ACC-128,14.60,GBP,1993-06-30,1993-06-30
EXT-510,ACC-477,14.62,GBP,1993-06-30,1993-06-30
EXT-511,ACC-485,100.00,GBP,1993-06-30,1993-06-30
EXT-512,ACC-435,14.60,GBP,1993-06-30,1993-06-30
EXT-513,ACC-443,14.60,GBP,1993-06-30,1993-06-30
EXT-514,ACC-456,14.60,GBP,1993-06-30,1993-06-30
EXT-515,ACC-465,14.60,GBP,1993-06-30,1993-06-30
EXT-516,ACC-9,86.40,GBP,1993-06-30,1993-06-30
EXT-517,ACC-374,114.40,GBP,1993-06-30,1993-06-30
EXT-518,ACC-128,86.00,GBP,1993-06-30,1993-06-30
EXT-519,ACC-401,14.60,GBP,1993-06-30,1993-06-30
EXT-520,ACC-411,14.60,GBP,1993-06-30,1993-06-30
EXT-521,ACC-497,138.10,GBP,1993-06-30,1993-06-30
EXT-522,ACC-489,50.70,GBP,1993-06-30,1993-06-30
EXT-523,ACC-510,17.40,GBP,1993-06-30,1993-06-30
EXT-524,ACC-496,112.70,GBP,1993-06-30,1993-06-30
EXT-525,ACC-494,325.40,GBP,1993-06-30,1993-06-30
EXT-526,ACC-485,149.30,GBP,1993-06-30,1993-06-30
EXT-527,ACC-192,14.60,GBP,1993-06-30,1993-06-30
EXT-528,ACC-374,14.60,GBP,1993-06-30,1993-06-30
EXT-529,ACC-346,149.70,GBP,1993-06-30,1993-06-30
EXT-530,ACC-334,28.30,GBP,1993-06-30,1993-06-30
EXT-531,ACC-362,135.60,GBP,1993-06-30,1993-06-30
EXT-532,ACC-322,152.50,GBP,1993-06-30,1993-06-30
EXT-533,ACC-361,185.60,GBP,1993-06-30,1993-06-30
EXT-534,ACC-280,136.20,GBP,1993-06-30,1993-06-30
EXT-535,ACC-317,3.30,GBP,1993-06-30,1993-06-30
EXT-536,ACC-327,70.80,GBP,1993-06-30,1993-06-30
EXT-537,ACC-9,14.60,GBP,1993-06-30,1993-06-30
EXT-538,ACC-192,62.50,GBP,1993-06-30,1993-06-30
EXT-539,ACC-239,211.70,GBP,1993-06-30,1993-06-30
EXT-540,ACC-212,250.30,GBP,1993-06-30,1993-06-30
EXT-541,ACC-188,120.30,GBP,1993-06-30,1993-06-30
EXT-542,ACC-163,116.99,GBP,1993-06-30,1993-06-30
EXT-543,ACC-165,21.80,GBP,1993-06-30,1993-06-30
EXT-544,ACC-197,184.50,GBP,1993-06-30,1993-06-30
EXT-545,ACC-456,210.80,GBP,1993-06-30,1993-06-30
EXT-546,ACC-425,106.50,GBP,1993-06-30,1993-06-30
EXT-547,ACC-385,18.60,GBP,1993-06-30,1993-06-30
EXT-548,ACC-465,172.30,GBP,1993-06-30,1993-06-30
EXT-549,ACC-411,227.88,GBP,1993-06-30,1993-06-30
EXT-550,ACC-428,82.70,GBP,1993-06-30,1993-06-30
EXT-551,ACC-401,169.21,GBP,1993-06-30,1993-06-30
EXT-552,ACC-415,219.00,GBP,1993-06-30,1993-06-30
EXT-553,ACC-443,2.20,GBP,1993-06-30,1993-06-30
EXT-554,ACC-395,171.30,GBP,1993-06-30,1993-06-30
EXT-555,ACC-461,44.10,GBP,1993-06-30,1993-06-30
EXT-556,ACC-477,184.90,GBP,1993-06-30,1993-06-30
EXT-557,ACC-112,28.30,GBP,1993-06-30,1993-06-30
EXT-558,ACC-115,114.00,GBP,1993-06-30,1993-06-30
EXT-559,ACC-119,28.90,GBP,1993-06-30,1993-06-30
EXT-560,ACC-96,236.70,GBP,1993-06-30,1993-06-30
EXT-561,ACC-83,94.60,GBP,1993-06-30,1993-06-30
EXT-562,ACC-86,16.81,GBP,1993-06-30,1993-06-30
EXT-563,ACC-23,39.81,GBP,1993-06-30,1993-06-30
EXT-564,ACC-2,159.90,GBP,1993-06-30,1993-06-30
EXT-565,ACC-346,14.60,GBP,1993-06-30,1993-06-30
EXT-566,ACC-280,14.60,GBP,1993-06-30,1993-06-30
EXT-567,ACC-415,17600.00,GBP,1993-07-01,1993-07-01
EXT-568,ACC-36,500.00,GBP,1993-07-01,1993-07-01
EXT-569,ACC-510,2900.00,GBP,1993-07-02,1993-07-02
EXT-570,ACC-327,1300.00,GBP,1993-07-02,1993-07-02
EXT-571,ACC-485,17800.01,GBP,1993-07-03,1993-07-03
EXT-572,ACC-212,4200.00,GBP,1993-07-03,1993-07-03
EXT-573,ACC-465,5600.00,GBP,1993-07-04,1993-07-04
EXT-574,ACC-381,1000.00,GBP,1993-07-04,1993-07-04
EXT-575,ACC-212,1500.02,GBP,1993-07-04,1993-07-04
EXT-576,ACC-168,3020.00,GBP,1993-07-05,1993-07-05
EXT-577,ACC-443,463.00,GBP,1993-07-05,1993-07-05
EXT-578,ACC-443,1508.00,GBP,1993-07-05,1993-07-05
EXT-579,ACC-396,23268.00,GBP,1993-07-05,1993-07-05
EXT-580,ACC-374,23041.00,GBP,1993-07-05,1993-07-05
EXT-581,ACC-212,13841.00,GBP,1993-07-05,1993-07-05
EXT-582,ACC-44,4200.00,GBP,1993-07-05,1993-07-05
EXT-583,ACC-62,5079.00,GBP,1993-07-05,1993-07-05
EXT-584,ACC-36,19852.00,GBP,1993-07-05,1993-07-05
EXT-585,ACC-346,19935.00,GBP,1993-07-05,1993-07-05
EXT-586,ACC-83,9226.00,GBP,1993-07-06,1993-07-06
EXT-587,ACC-485,1591.00,GBP,1993-07-06,1993-07-06
EXT-588,ACC-443,67.00,GBP,1993-07-06,1993-07-06
EXT-589,ACC-435,3189.00,GBP,1993-07-06,1993-07-06
EXT-590,ACC-461,6388.00,GBP,1993-07-06,1993-07-06
EXT-591,ACC-423,2913.00,GBP,1993-07-06,1993-07-06
EXT-592,ACC-494,5941.00,GBP,1993-07-06,1993-07-06
EXT-593,ACC-396,23499.99,GBP,1993-07-06,1993-07-06
EXT-594,ACC-395,22054.00,GBP,1993-07-06,1993-07-06
EXT-595,ACC-401,12817.00,GBP,1993-07-06,1993-07-06
EXT-596,ACC-192,5858.99,GBP,1993-07-06,1993-07-06
EXT-597,ACC-197,21718.00,GBP,1993-07-06,1993-07-06
EXT-598,ACC-368,1100.00,GBP,1993-07-06,1993-07-06
EXT-599,ACC-361,23638.00,GBP,1993-07-06,1993-07-06
EXT-600,ACC-78,400.00,GBP,1993-07-07,1993-07-07
EXT-601,ACC-115,7665.00,GBP,1993-07-07,1993-07-07
EXT-602,ACC-142,4555.00,GBP,1993-07-07,1993-07-07
EXT-603,ACC-128,2300.02,GBP,1993-07-07,1993-07-07
EXT-604,ACC-485,3572.00,GBP,1993-07-07,1993-07-07
EXT-605,ACC-435,5039.00,GBP,1993-07-07,1993-07-07
EXT-606,ACC-432,6991.00,GBP,1993-07-07,1993-07-07
EXT-607,ACC-496,5404.00,GBP,1993-07-07,1993-07-07
EXT-608,ACC-496,1320.00,GBP,1993-07-07,1993-07-07
EXT-609,ACC-192,1000.00,GBP,1993-07-07,1993-07-07
EXT-610,ACC-361,1941.00,GBP,1993-07-07,1993-07-07
EXT-611,ACC-279,3007.00,GBP,1993-07-07,1993-07-07
EXT-612,ACC-485,23209.98,GBP,1993-07-08,1993-07-08
EXT-613,ACC-485,7421.00,GBP,1993-07-08,1993-07-08
EXT-614,ACC-489,16358.00,GBP,1993-07-08,1993-07-08
EXT-615,ACC-510,28093.00,GBP,1993-07-08,1993-07-08
EXT-616,ACC-415,13110.00,GBP,1993-07-08,1993-07-08
EXT-617,ACC-192,3583.00,GBP,1993-07-08,1993-07-08
EXT-618,ACC-374,11600.00,GBP,1993-07-08,1993-07-08
EXT-619,ACC-381,8209.00,GBP,1993-07-08,1993-07-08
EXT-620,ACC-300,6892.00,GBP,1993-07-08,1993-07-08
EXT-621,ACC-446,24160.00,GBP,1993-07-09,1993-07-09
EXT-622,ACC-494,34200.00,GBP,1993-07-09,1993-07-09
EXT-623,ACC-504,3463.00,GBP,1993-07-09,1993-07-09
EXT-624,ACC-401,3600.00,GBP,1993-07-09,1993-07-09
EXT-625,ACC-212,49590.00,GBP,1993-07-09,1993-07-09
EXT-626,ACC-23,22087.98,GBP,1993-07-09,1993-07-09
EXT-627,ACC-334,18372.00,GBP,1993-07-09,1993-07-09
EXT-628,ACC-112,2200.00,GBP,1993-07-10,1993-07-10
EXT-629,ACC-135,4451.02,GBP,1993-07-10,1993-07-10
EXT-630,ACC-456,47831.00,GBP,1993-07-10,1993-07-10
EXT-631,ACC-395,21800.00,GBP,1993-07-10,1993-07-10
EXT-632,ACC-411,8499.00,GBP,1993-07-10,1993-07-10
EXT-633,ACC-222,34409.00,GBP,1993-07-10,1993-07-10
EXT-634,ACC-327,15708.00,GBP,1993-07-10,1993-07-10
EXT-635,ACC-346,8400.00,GBP,1993-07-10,1993-07-10
EXT-636,ACC-361,1388.00,GBP,1993-07-10,1993-07-10
EXT-637,ACC-280,4694.00,GBP,1993-07-10,1993-07-10
EXT-638,ACC-317,5922.00,GBP,1993-07-10,1993-07-10
EXT-639,ACC-165,6864.00,GBP,1993-07-11,1993-07-11
EXT-640,ACC-86,3243.00,GBP,1993-07-11,1993-07-11
EXT-641,ACC-96,644.00,GBP,1993-07-11,1993-07-11
EXT-642,ACC-96,2140.00,GBP,1993-07-11,1993-07-11
EXT-643,ACC-96,44221.00,GBP,1993-07-11,1993-07-11
EXT-644,ACC-510,28555.00,GBP,1993-07-11,1993-07-11
EXT-645,ACC-273,700.00,GBP,1993-07-11,1993-07-11
EXT-646,ACC-197,9454.00,GBP,1993-07-11,1993-07-11
EXT-647,ACC-385,3469.00,GBP,1993-07-11,1993-07-11
EXT-648,ACC-2,3200.00,GBP,1993-07-11,1993-07-11
EXT-649,ACC-346,7875.00,GBP,1993-07-11,1993-07-11
EXT-650,ACC-78,17478.00,GBP,1993-07-12,1993-07-12
EXT-651,ACC-86,1160.00,GBP,1993-07-12,1993-07-12
EXT-652,ACC-425,5893.00,GBP,1993-07-12,1993-07-12
EXT-653,ACC-428,6614.00,GBP,1993-07-12,1993-07-12
EXT-654,ACC-433,12100.00,GBP,1993-07-12,1993-07-12
EXT-655,ACC-415,8740.00,GBP,1993-07-12,1993-07-12
EXT-656,ACC-2,20235.99,GBP,1993-07-12,1993-07-12
EXT-657,ACC-280,12043.00,GBP,1993-07-12,1993-07-12
EXT-658,ACC-163,3116.00,GBP,1993-07-13,1993-07-13
EXT-659,ACC-163,6698.00,GBP,1993-07-13,1993-07-13
EXT-660,ACC-119,21525.00,GBP,1993-07-13,1993-07-13
EXT-661,ACC-112,6582.00,GBP,1993-07-13,1993-07-13
EXT-662,ACC-477,16392.00,GBP,1993-07-13,1993-07-13
EXT-663,ACC-497,21553.00,GBP,1993-07-13,1993-07-13
EXT-664,ACC-188,19413.00,GBP,1993-07-13,1993-07-13
EXT-665,ACC-222,34900.00,GBP,1993-07-13,1993-07-13
EXT-666,ACC-322,16646.00,GBP,1993-07-13,1993-07-13
EXT-667,ACC-280,3334.00,GBP,1993-07-13,1993-07-13
EXT-668,ACC-163,612.00,GBP,1993-07-14,1993-07-14
EXT-669,ACC-96,908.00,GBP,1993-07-14,1993-07-14
EXT-670,ACC-148,3468.00,GBP,1993-07-14,1993-07-14
EXT-671,ACC-477,254.00,GBP,1993-07-14,1993-07-14
EXT-672,ACC-477,2660.00,GBP,1993-07-14,1993-07-14
EXT-673,ACC-443,3058.00,GBP,1993-07-14,1993-07-14
EXT-674,ACC-465,11126.00,GBP,1993-07-14,1993-07-14
EXT-675,ACC-461,1530.01,GBP,1993-07-14,1993-07-14
EXT-676,ACC-497,16600.00,GBP,1993-07-14,1993-07-14
EXT-677,ACC-496,3602.00,GBP,1993-07-14,1993-07-14
EXT-678,ACC-411,18497.00,GBP,1993-07-14,1993-07-14
EXT-679,ACC-401,1769.00,GBP,1993-07-14,1993-07-14
EXT-680,ACC-187,4197.00,GBP,1993-07-14,1993-07-14
EXT-681,ACC-368,8414.00,GBP,1993-07-14,1993-07-14
EXT-682,ACC-362,9542.00,GBP,1993-07-14,1993-07-14
EXT-683,ACC-83,5500.00,GBP,1993-07-15,1993-07-15
EXT-684,ACC-142,600.00,GBP,1993-07-15,1993-07-15
EXT-685,ACC-135,9200.00,GBP,1993-07-15,1993-07-15
EXT-686,ACC-446,1000.00,GBP,1993-07-15,1993-07-15
EXT-687,ACC-234,500.00,GBP,1993-07-15,1993-07-15
EXT-688,ACC-9,800.00,GBP,1993-07-15,1993-07-15
EXT-689,ACC-432,7500.00,GBP,1993-07-16,1993-07-16
EXT-690,ACC-489,9500.00,GBP,1993-07-16,1993-07-16
EXT-691,ACC-115,7600.00,GBP,1993-07-17,1993-07-17
EXT-692,ACC-425,2900.00,GBP,1993-07-17,1993-07-17
EXT-693,ACC-400,600.00,GBP,1993-07-17,1993-07-17
EXT-694,ACC-401,9900.00,GBP,1993-07-17,1993-07-17
EXT-695,ACC-96,31200.00,GBP,1993-07-18,1993-07-18
EXT-696,ACC-128,600.00,GBP,1993-07-18,1993-07-18
EXT-697,ACC-485,39870.00,GBP,1993-07-18,1993-07-18
EXT-698,ACC-461,2600.00,GBP,1993-07-18,1993-07-18
EXT-699,ACC-494,24515.00,GBP,1993-07-18,1993-07-18
EXT-700,ACC-374,12600.00,GBP,1993-07-18,1993-07-18
EXT-701,ACC-96,4500.00,GBP,1993-07-19,1993-07-19
EXT-702,ACC-128,700.00,GBP,1993-07-19,1993-07-19
EXT-703,ACC-188,17000.00,GBP,1993-07-19,1993-07-19
EXT-704,ACC-212,23700.00,GBP,1993-07-19,1993-07-19
EXT-705,ACC-2,13145.00,GBP,1993-07-19,1993-07-19
EXT-706,ACC-443,1380.00,GBP,1993-07-20,1993-07-20
EXT-707,ACC-456,31100.00,GBP,1993-07-20,1993-07-20
EXT-708,ACC-459,1200.00,GBP,1993-07-20,1993-07-20
EXT-709,ACC-322,17600.00,GBP,1993-07-20,1993-07-20
EXT-710,ACC-128,31802.00,GBP,1993-07-21,1993-07-21
EXT-711,ACC-408,400.00,GBP,1993-07-21,1993-07-21
EXT-712,ACC-23,11400.00,GBP,1993-07-21,1993-07-21
EXT-713,ACC-96,8769.00,GBP,1993-07-22,1993-07-22
EXT-714,ACC-142,3520.00,GBP,1993-07-22,1993-07-22
EXT-715,ACC-411,3240.00,GBP,1993-07-22,1993-07-22
EXT-716,ACC-280,2200.00,GBP,1993-07-22,1993-07-22
EXT-717,ACC-334,7500.00,GBP,1993-07-23,1993-07-23
EXT-718,ACC-477,4900.00,GBP,1993-07-24,1993-07-24
EXT-719,ACC-197,17600.00,GBP,1993-07-25,1993-07-25
EXT-720,ACC-207,900.00,GBP,1993-07-25,1993-07-25
EXT-721,ACC-18,2600.00,GBP,1993-07-25,1993-07-25
EXT-722,ACC-163,2400.00,GBP,1993-07-26,1993-07-26
EXT-723,ACC-494,18906.00,GBP,1993-07-26,1993-07-26
EXT-724,ACC-496,3600.00,GBP,1993-07-26,1993-07-26
EXT-725,ACC-9,1100.00,GBP,1993-07-26,1993-07-26
EXT-726,ACC-428,4800.00,GBP,1993-07-27,1993-07-27
EXT-727,ACC-361,24500.00,GBP,1993-07-27,1993-07-27
EXT-728,ACC-485,8400.00,GBP,1993-07-28,1993-07-28
EXT-729,ACC-239,34177.00,GBP,1993-07-28,1993-07-28
EXT-730,ACC-374,8400.00,GBP,1993-07-28,1993-07-28
EXT-731,ACC-225,1000.00,GBP,1993-07-28,1993-07-28
EXT-732,ACC-346,1440.00,GBP,1993-07-28,1993-07-28
EXT-733,ACC-435,1600.00,GBP,1993-07-29,1993-07-29
EXT-734,ACC-445,1100.00,GBP,1993-07-29,1993-07-29
EXT-735,ACC-403,600.00,GBP,1993-07-29,1993-07-29
EXT-736,ACC-239,21900.00,GBP,1993-07-29,1993-07-29
EXT-737,ACC-186,700.00,GBP,1993-07-29,1993-07-29
EXT-738,ACC-381,29.70,GBP,1993-07-31,1993-07-31
EXT-739,ACC-163,14.60,GBP,1993-07-31,1993-07-31
EXT-740,ACC-86,14.60,GBP,1993-07-31,1993-07-31
EXT-741,ACC-96,14.60,GBP,1993-07-31,1993-07-31
EXT-742,ACC-112,14.60,GBP,1993-07-31,1993-07-31
EXT-743,ACC-128,14.60,GBP,1993-07-31,1993-07-31
EXT-744,ACC-142,14.60,GBP,1993-07-31,1993-07-31
EXT-745,ACC-485,100.00,GBP,1993-07-31,1993-07-31
EXT-746,ACC-477,14.60,GBP,1993-07-31,1993-07-31
EXT-747,ACC-443,14.60,GBP,1993-07-31,1993-07-31
EXT-748,ACC-465,14.60,GBP,1993-07-31,1993-07-31
EXT-749,ACC-461,14.60,GBP,1993-07-31,1993-07-31
EXT-750,ACC-456,14.60,GBP,1993-07-31,1993-07-31
EXT-751,ACC-135,32.80,GBP,1993-07-31,1993-07-31
EXT-752,ACC-128,143.00,GBP,1993-07-31,1993-07-31
EXT-753,ACC-9,87.10,GBP,1993-07-31,1993-07-31
EXT-754,ACC-428,14.60,GBP,1993-07-31,1993-07-31
EXT-755,ACC-494,14.60,GBP,1993-07-31,1993-07-31
EXT-756,ACC-496,14.60,GBP,1993-07-31,1993-07-31
EXT-757,ACC-494,2100.00,GBP,1993-07-31,1993-07-31
EXT-758,ACC-401,14.60,GBP,1993-07-31,1993-07-31
EXT-759,ACC-411,14.60,GBP,1993-07-31,1993-07-31
EXT-760,ACC-415,14.61,GBP,1993-07-31,1993-07-31
EXT-761,ACC-510,292.10,GBP,1993-07-31,1993-07-31
EXT-762,ACC-496,119.50,GBP,1993-07-31,1993-07-31
EXT-763,ACC-485,312.30,GBP,1993-07-31,1993-07-31
EXT-764,ACC-489,116.30,GBP,1993-07-31,1993-07-31
EXT-765,ACC-494,289.08,GBP,1993-07-31,1993-07-31
EXT-766,ACC-192,14.60,GBP,1993-07-31,1993-07-31
EXT-767,ACC-197,14.59,GBP,1993-07-31,1993-07-31
EXT-768,ACC-374,14.60,GBP,1993-07-31,1993-07-31
EXT-769,ACC-346,88.11,GBP,1993-07-31,1993-07-31
EXT-770,ACC-317,7.30,GBP,1993-07-31,1993-07-31
EXT-771,ACC-322,165.70,GBP,1993-07-31,1993-07-31
EXT-772,ACC-327,143.90,GBP,1993-07-31,1993-07-31
EXT-773,ACC-334,119.30,GBP,1993-07-31,1993-07-31
EXT-774,ACC-368,23.00,GBP,1993-07-31,1993-07-31
EXT-775,ACC-280,115.10,GBP,1993-07-31,1993-07-31
EXT-776,ACC-362,165.50,GBP,1993-07-31,1993-07-31
EXT-777,ACC-36,4000.00,GBP,1993-07-31,1993-07-31
EXT-778,ACC-9,2100.00,GBP,1993-07-31,1993-07-31
EXT-779,ACC-9,14.60,GBP,1993-07-31,1993-07-31
EXT-780,ACC-2,14.60,GBP,1993-07-31,1993-07-31
EXT-781,ACC-165,32.80,GBP,1993-07-31,1993-07-31
EXT-782,ACC-212,233.20,GBP,1993-07-31,1993-07-31
EXT-783,ACC-222,243.29,GBP,1993-07-31,1993-07-31
EXT-784,ACC-239,211.50,GBP,1993-07-31,1993-07-31
EXT-785,ACC-163,117.90,GBP,1993-07-31,1993-07-31
EXT-786,ACC-197,231.80,GBP,1993-07-31,1993-07-31
EXT-787,ACC-142,49.70,GBP,1993-07-31,1993-07-31
EXT-788,ACC-192,78.80,GBP,1993-07-31,1993-07-31
EXT-789,ACC-188,165.10,GBP,1993-07-31,1993-07-31
EXT-790,ACC-415,194.10,GBP,1993-07-31,1993-07-31
EXT-791,ACC-465,142.10,GBP,1993-07-31,1993-07-31
EXT-792,ACC-396,213.90,GBP,1993-07-31,1993-07-31
EXT-793,ACC-443,63.70,GBP,1993-07-31,1993-07-31
EXT-794,ACC-461,108.90,GBP,1993-07-31,1993-07-31
EXT-795,ACC-435,61.60,GBP,1993-07-31,1993-07-31
EXT-796,ACC-401,157.10,GBP,1993-07-31,1993-07-31
EXT-797,ACC-428,88.40,GBP,1993-07-31,1993-07-31
EXT-798,ACC-446,55.40,GBP,1993-07-31,1993-07-31
EXT-799,ACC-395,186.50,GBP,1993-07-31,1993-07-31
EXT-800,ACC-456,194.40,GBP,1993-07-31,1993-07-31
EXT-801,ACC-425,120.10,GBP,1993-07-31,1993-07-31
EXT-802,ACC-385,18.60,GBP,1993-07-31,1993-07-31
EXT-803,ACC-411,206.10,GBP,1993-07-31,1993-07-31
EXT-804,ACC-477,125.00,GBP,1993-07-31,1993-07-31
EXT-805,ACC-119,130.40,GBP,1993-07-31,1993-07-31
EXT-806,ACC-36,74.40,GBP,1993-07-31,1993-07-31
EXT-807,ACC-115,124.30,GBP,1993-07-31,1993-07-31
EXT-808,ACC-83,125.80,GBP,1993-07-31,1993-07-31
EXT-809,ACC-96,234.70,GBP,1993-07-31,1993-07-31
EXT-810,ACC-112,90.10,GBP,1993-07-31,1993-07-31
EXT-811,ACC-86,48.80,GBP,1993-07-31,1993-07-31
EXT-812,ACC-23,135.20,GBP,1993-07-31,1993-07-31
EXT-813,ACC-2,203.00,GBP,1993-07-31,1993-07-31
EXT-814,ACC-322,14.60,GBP,1993-07-31,1993-07-31
EXT-815,ACC-346,14.60,GBP,1993-07-31,1993-07-31
EXT-816,ACC-361,14.60,GBP,1993-07-31,1993-07-31
EXT-817,ACC-280,14.60,GBP,1993-07-31,1993-07-31
EXT-818,ACC-510,32100.00,GBP,1993-08-01,1993-08-01
EXT-819,ACC-327,8900.00,GBP,1993-08-01,1993-08-01
EXT-820,ACC-485,30000.00,GBP,1993-08-02,1993-08-02
EXT-821,ACC-456,15328.00,GBP,1993-08-02,1993-08-02
EXT-822,ACC-362,8000.00,GBP,1993-08-02,1993-08-02
EXT-823,ACC-465,2600.00,GBP,1993-08-03,1993-08-03
EXT-824,ACC-494,5849.00,GBP,1993-08-03,1993-08-03
EXT-825,ACC-510,24678.00,GBP,1993-08-03,1993-08-03
EXT-826,ACC-381,7600.00,GBP,1993-08-03,1993-08-03
EXT-827,ACC-443,420.00,GBP,1993-08-04,1993-08-04
EXT-828,ACC-411,14500.00,GBP,1993-08-04,1993-08-04
EXT-829,ACC-168,3020.00,GBP,1993-08-05,1993-08-05
EXT-830,ACC-123,4843.00,GBP,1993-08-05,1993-08-05
EXT-831,ACC-477,463.00,GBP,1993-08-05,1993-08-05
EXT-832,ACC-443,1508.00,GBP,1993-08-05,1993-08-05
EXT-833,ACC-443,463.00,GBP,1993-08-05,1993-08-05
EXT-834,ACC-396,23268.00,GBP,1993-08-05,1993-08-05
EXT-835,ACC-396,5245.00,GBP,1993-08-05,1993-08-05
EXT-836,ACC-396,19800.00,GBP,1993-08-05,1993-08-05
EXT-837,ACC-400,13777.00,GBP,1993-08-05,1993-08-05
EXT-838,ACC-273,13201.00,GBP,1993-08-05,1993-08-05
EXT-839,ACC-374,23041.00,GBP,1993-08-05,1993-08-05
EXT-840,ACC-368,5500.00,GBP,1993-08-05,1993-08-05
EXT-841,ACC-212,13841.00,GBP,1993-08-05,1993-08-05
EXT-842,ACC-62,5079.00,GBP,1993-08-05,1993-08-05
EXT-843,ACC-2,7266.00,GBP,1993-08-05,1993-08-05
EXT-844,ACC-36,19852.00,GBP,1993-08-05,1993-08-05
EXT-845,ACC-346,19935.00,GBP,1993-08-05,1993-08-05
EXT-846,ACC-317,3068.00,GBP,1993-08-05,1993-08-05
EXT-847,ACC-83,9226.00,GBP,1993-08-06,1993-08-06
EXT-848,ACC-78,2400.00,GBP,1993-08-06,1993-08-06
EXT-849,ACC-485,1591.00,GBP,1993-08-06,1993-08-06
EXT-850,ACC-443,67.00,GBP,1993-08-06,1993-08-06
EXT-851,ACC-435,3189.00,GBP,1993-08-06,1993-08-06
EXT-852,ACC-461,6388.00,GBP,1993-08-06,1993-08-06
EXT-853,ACC-423,2913.00,GBP,1993-08-06,1993-08-06
EXT-854,ACC-395,22054.00,GBP,1993-08-06,1993-08-06
EXT-855,ACC-396,307.99,GBP,1993-08-06,1993-08-06
EXT-856,ACC-408,13304.00,GBP,1993-08-06,1993-08-06
EXT-857,ACC-401,12817.00,GBP,1993-08-06,1993-08-06
EXT-858,ACC-197,21717.99,GBP,1993-08-06,1993-08-06
EXT-859,ACC-192,5859.00,GBP,1993-08-06,1993-08-06
EXT-860,ACC-9,1300.00,GBP,1993-08-06,1993-08-06
EXT-861,ACC-322,6550.00,GBP,1993-08-06,1993-08-06
EXT-862,ACC-361,23638.00,GBP,1993-08-06,1993-08-06
EXT-863,ACC-115,7665.00,GBP,1993-08-07,1993-08-07
EXT-864,ACC-142,4555.00,GBP,1993-08-07,1993-08-07
EXT-865,ACC-485,3572.00,GBP,1993-08-07,1993-08-07
EXT-866,ACC-435,5038.98,GBP,1993-08-07,1993-08-07
EXT-867,ACC-465,12785.00,GBP,1993-08-07,1993-08-07
EXT-868,ACC-432,6990.99,GBP,1993-08-07,1993-08-07
EXT-869,ACC-496,5404.00,GBP,1993-08-07,1993-08-07
EXT-870,ACC-494,8728.00,GBP,1993-08-07,1993-08-07
EXT-871,ACC-510,17630.00,GBP,1993-08-07,1993-08-07
EXT-872,ACC-395,3871.00,GBP,1993-08-07,1993-08-07
EXT-873,ACC-374,6400.00,GBP,1993-08-07,1993-08-07
EXT-874,ACC-2,2900.00,GBP,1993-08-07,1993-08-07
EXT-875,ACC-361,1941.00,GBP,1993-08-07,1993-08-07
EXT-876,ACC-279,3007.00,GBP,1993-08-07,1993-08-07
EXT-877,ACC-317,3300.00,GBP,1993-08-07,1993-08-07
EXT-878,ACC-86,960.00,GBP,1993-08-08,1993-08-08
EXT-879,ACC-96,46.00,GBP,1993-08-08,1993-08-08
EXT-880,ACC-485,7421.00,GBP,1993-08-08,1993-08-08
EXT-881,ACC-489,16358.00,GBP,1993-08-08,1993-08-08
EXT-882,ACC-494,9900.00,GBP,1993-08-08,1993-08-08
EXT-883,ACC-415,13110.00,GBP,1993-08-08,1993-08-08
EXT-884,ACC-239,32140.00,GBP,1993-08-08,1993-08-08
EXT-885,ACC-239,1042.00,GBP,1993-08-08,1993-08-08
EXT-886,ACC-192,3583.00,GBP,1993-08-08,1993-08-08
EXT-887,ACC-381,8209.00,GBP,1993-08-08,1993-08-08
EXT-888,ACC-47,300.00,GBP,1993-08-08,1993-08-08
EXT-889,ACC-62,2273.00,GBP,1993-08-08,1993-08-08
EXT-890,ACC-26,800.00,GBP,1993-08-08,1993-08-08
EXT-891,ACC-300,6892.00,GBP,1993-08-08,1993-08-08
EXT-892,ACC-446,24160.00,GBP,1993-08-09,1993-08-09
EXT-893,ACC-428,3987.00,GBP,1993-08-09,1993-08-09
EXT-894,ACC-504,3463.00,GBP,1993-08-09,1993-08-09
EXT-895,ACC-401,3600.00,GBP,1993-08-09,1993-08-09
EXT-896,ACC-239,5995.00,GBP,1993-08-09,1993-08-09
EXT-897,ACC-212,49590.00,GBP,1993-08-09,1993-08-09
EXT-898,ACC-225,5078.00,GBP,1993-08-09,1993-08-09
EXT-899,ACC-23,22088.00,GBP,1993-08-09,1993-08-09
EXT-900,ACC-334,18372.00,GBP,1993-08-09,1993-08-09
EXT-901,ACC-346,6500.00,GBP,1993-08-09,1993-08-09
EXT-902,ACC-280,2280.00,GBP,1993-08-09,1993-08-09
EXT-903,ACC-86,1002.00,GBP,1993-08-10,1993-08-10
EXT-904,ACC-123,3016.00,GBP,1993-08-10,1993-08-10
EXT-905,ACC-128,2300.00,GBP,1993-08-10,1993-08-10
EXT-906,ACC-456,47831.00,GBP,1993-08-10,1993-08-10
EXT-907,ACC-273,3000.00,GBP,1993-08-10,1993-08-10
EXT-908,ACC-374,3900.00,GBP,1993-08-10,1993-08-10
EXT-909,ACC-222,34409.00,GBP,1993-08-10,1993-08-10
EXT-910,ACC-327,15708.00,GBP,1993-08-10,1993-08-10
EXT-911,ACC-361,1388.00,GBP,1993-08-10,1993-08-10
EXT-912,ACC-280,4694.00,GBP,1993-08-10,1993-08-10
EXT-913,ACC-317,5922.00,GBP,1993-08-10,1993-08-10
EXT-914,ACC-165,6864.00,GBP,1993-08-11,1993-08-11
EXT-915,ACC-86,3243.00,GBP,1993-08-11,1993-08-11
EXT-916,ACC-96,44220.99,GBP,1993-08-11,1993-08-11
EXT-917,ACC-96,2140.00,GBP,1993-08-11,1993-08-11
EXT-918,ACC-96,644.00,GBP,1993-08-11,1993-08-11
EXT-919,ACC-112,2051.00,GBP,1993-08-11,1993-08-11
EXT-920,ACC-112,1440.00,GBP,1993-08-11,1993-08-11
EXT-921,ACC-485,125.50,GBP,1993-01-04,1993-01-04